buyprice,date,buytime,sl,type,stock,buyslpoints,tgt,buy1to1,buy1to2,buy1to3,buy1to4,buy1to5,buy1to6,buy1to7,buy1to8,buy1to9,sellprice,selltime,p&l,remarks,trail,sell1to1,sell1to2,sell1to3,sell1to4,sell1to5,sell1to6,sell1to7,sell1to8,sell1to9,sellslpoints,lot_size,day,month,nifty_open,nifty_prev_close,nifty_trend,trade_time
61.95,2018-08-01,12:01:00,61.95,Sell,NATIONALUM,,58.65,,,,,,,,,,61.65,11:06:00,-2250.0,Stoploss Hit,,61.35,61.05,60.75,60.45,60.15,59.85,59.55,59.25,58.95,0.3,7500,Wed,Aug,11359.8,11356.5,Up,00:55:00
71.55,2018-08-09,10:42:00,71.55,Sell,NATIONALUM,,66.05,,,,,,,,,,71.05,09:53:00,-3750.0,Stoploss Hit,,70.55,70.05,69.55,69.05,68.55,68.05,67.55,67.05,66.55,0.5,7500,Thu,Aug,11493.25,11450.0,Up,00:49:00
69.55,2018-08-13,09:50:00,69.95,Buy,NATIONALUM,0.4,73.55,69.95,70.35,70.75,71.15,71.55,71.95,72.35,72.75,73.15,70.85,15:00:00,9750.0,Market Exit,1to1 trail,,,,,,,,,,,7500,Mon,Aug,11675.85,11676.8,Down,05:10:00
75.0,2018-08-27,11:43:00,74.65,Buy,NATIONALUM,0.35,78.5,75.35,75.7,76.05,76.4,76.75,77.1,77.45,77.8,78.15,74.65,12:03:00,-2625.0,Stoploss Hit,,,,,,,,,,,,7500,Mon,Aug,11694.75,11691.9,Up,00:20:00
76.25,2018-08-31,10:28:00,76.25,Sell,NATIONALUM,,72.95,,,,,,,,,,75.95,10:28:00,-2250.0,Stoploss Hit,,75.65,75.35,75.05,74.75,74.45,74.15,73.85,73.55,73.25,0.3,7500,Fri,Aug,11675.85,11676.8,Down,00:00:00
71.5,2018-09-11,09:59:00,71.5,Sell,NATIONALUM,,69.85,,,,,,,,,,71.35,09:49:00,-1125.0,Stoploss Hit,,71.2,71.05,70.9,70.75,70.6,70.45,70.3,70.15,70.0,0.15,7500,Tue,Sep,11476.85,11438.1,Up,00:10:00
69.25,2018-09-19,10:26:00,69.25,Buy,NATIONALUM,0.2,71.25,69.45,69.65,69.85,70.05,70.25,70.45,70.65,70.85,71.05,69.25,13:00:00,0.0,Stoploss Hit,Breakeven,,,,,,,,,,,7500,Wed,Sep,11326.65,11278.9,Up,02:34:00
68.55,2018-09-21,10:39:00,68.55,Sell,NATIONALUM,,67.95,,,,,,,,,,68.95,10:37:00,3000.0,Stoploss Hit,1to4 Trail,68.85,68.75,68.65,68.55,68.45,68.35,68.25,68.15,68.05,0.1,7500,Fri,Sep,11164.4,11143.1,Up,00:02:00
69.3,2018-10-04,12:11:00,69.3,Sell,NATIONALUM,,66.0,,,,,,,,,,69.0,11:36:00,-2250.0,Stoploss Hit,,68.7,68.4,68.1,67.8,67.5,67.2,66.9,66.6,66.3,0.3,7500,Thu,Oct,10930.9,10930.45,Up,00:35:00
61.1,2018-10-08,09:56:00,61.1,Sell,NATIONALUM,,52.85,,,,,,,,,,60.35,09:47:00,-5625.0,Stoploss Hit,,59.6,58.85,58.1,57.35,56.6,55.85,55.1,54.35,53.6,0.75,7500,Mon,Oct,10331.85,10301.05,Up,00:09:00
65.45,2018-10-10,10:29:00,65.45,Buy,NATIONALUM,0.7,72.45,66.15,66.85,67.55,68.25,68.95,69.65,70.35,71.05,71.75,66.65,15:00:00,9000.0,Market Exit,Breakeven,,,,,,,,,,,7500,Wed,Oct,10169.8,10460.1,Down,04:31:00
67.9,2018-10-12,10:22:00,67.9,Sell,NATIONALUM,,65.15,,,,,,,,,,67.65,10:19:00,-1875.0,Stoploss Hit,,67.4,67.15,66.9,66.65,66.4,66.15,65.9,65.65,65.4,0.25,7500,Fri,Oct,10877.1,10883.75,Down,00:03:00
65.45,2018-10-17,09:47:00,65.45,Sell,NATIONALUM,,63.75,,,,,,,,,,67.25,09:54:00,13500.0,Stoploss Hit,Breakeven,66.9,66.55,66.2,65.85,65.5,65.15,64.8,64.45,64.1,0.35,7500,Wed,Oct,10688.7,10584.75,Up,1899-12-29 23:53:00
65.7,2018-10-19,10:23:00,65.7,Sell,NATIONALUM,,62.95,,,,,,,,,,65.45,10:21:00,-1875.0,Stoploss Hit,,65.2,64.95,64.7,64.45,64.2,63.95,63.7,63.45,63.2,0.25,7500,Fri,Oct,10339.7,10453.05,Down,00:02:00
70.2,2018-10-30,10:00:00,70.2,Sell,NATIONALUM,,68.0,,,,,,,,,,70.0,09:46:00,-1500.0,Stoploss Hit,,69.8,69.6,69.4,69.2,69.0,68.8,68.6,68.4,68.2,0.2,7500,Tue,Oct,10278.15,10146.8,Up,00:14:00
69.1,2018-11-12,10:22:00,69.1,Sell,NATIONALUM,,68.65,,,,,,,,,,70.15,09:49:00,7875.0,Stoploss Hit,1to7 Trail,70.0,69.85,69.7,69.55,69.4,69.25,69.1,68.95,68.8,0.15,7500,Mon,Nov,10670.95,10656.2,Up,00:33:00
65.75,2018-11-21,11:39:00,65.75,Sell,NATIONALUM,,64.75,,,,,,,,,,65.75,11:18:00,0.0,Stoploss Hit,Breakeven,65.65,65.55,65.45,65.35,65.25,65.15,65.05,64.95,64.85,0.1,7500,Wed,Nov,10731.25,10682.2,Up,00:21:00
66.45,2018-11-22,10:20:00,66.45,Sell,NATIONALUM,,65.35,,,,,,,,,,66.35,10:04:00,-750.0,Stoploss Hit,,66.25,66.15,66.05,65.95,65.85,65.75,65.65,65.55,65.45,0.1,7500,Thu,Nov,10612.65,10600.05,Up,00:16:00
64.8,2018-11-27,13:15:00,64.8,Sell,NATIONALUM,,62.8,,,,,,,,,,64.8,10:09:00,0.0,Stoploss Hit,Breakeven,64.6,64.4,64.2,64.0,63.8,63.6,63.4,63.2,63.0,0.2,7500,Tue,Nov,10621.45,10628.6,Down,03:06:00
62.05,2018-12-10,09:58:00,62.05,Sell,NATIONALUM,,59.3,,,,,,,,,,61.8,09:54:00,-1875.0,Stoploss Hit,,61.55,61.3,61.05,60.8,60.55,60.3,60.05,59.8,59.55,0.25,7500,Mon,Dec,10820.45,10869.5,Down,00:04:00
64.7,2018-12-17,12:14:00,64.7,Sell,NATIONALUM,,61.95,,,,,,,,,,64.45,10:49:00,-1875.0,Stoploss Hit,,64.2,63.95,63.7,63.45,63.2,62.95,62.7,62.45,62.2,0.25,7500,Mon,Dec,10868.85,10910.1,Down,01:25:00
64.75,2018-12-18,12:09:00,64.55,Buy,NATIONALUM,0.2,66.75,64.95,65.15,65.35,65.55,65.75,65.95,66.15,66.35,66.55,64.55,13:34:00,-1500.0,Stoploss Hit,,,,,,,,,,,,7500,Tue,Dec,10850.9,10888.35,Down,01:25:00
64.85,2019-01-01,10:18:00,64.85,Sell,NATIONALUM,,62.1,,,,,,,,,,64.6,10:01:00,-1875.0,Stoploss Hit,,64.35,64.1,63.85,63.6,63.35,63.1,62.85,62.6,62.35,0.25,7500,Tue,Jan,10881.7,10862.55,Up,00:17:00
62.55,2019-01-02,11:43:00,62.55,Sell,NATIONALUM,,61.6,,,,,,,,,,64.6,10:20:00,15375.0,Stoploss Hit,Breakeven,64.3,64.0,63.7,63.4,63.1,62.8,62.5,62.2,61.9,0.3,7500,Wed,Jan,10820.95,10779.8,Up,01:23:00
63.6,2019-01-04,11:44:00,62.55,Buy,NATIONALUM,-0.15,62.1,63.45,63.3,63.15,63.0,62.85,62.7,62.55,62.4,62.25,62.55,15:29:00,-7875.0,Stoploss Hit,1to7 trail,,,,,,,,,,,7500,Fri,Jan,10868.85,10910.1,Down,03:45:00
61.45,2019-01-25,14:25:00,61.45,Sell,NATIONALUM,,58.7,,,,,,,,,,61.2,14:08:00,-1875.0,Stoploss Hit,,60.95,60.7,60.45,60.2,59.95,59.7,59.45,59.2,58.95,0.25,7500,Fri,Jan,10807.0,10794.95,Up,00:17:00
59.25,2019-02-07,10:01:00,59.25,Buy,NATIONALUM,0.1,60.25,59.35,59.45,59.55,59.65,59.75,59.85,59.95,60.05,60.15,59.25,10:27:00,0.0,Stoploss Hit,Breakeven,,,,,,,,,,,7500,Thu,Feb,11023.5,11069.4,Down,00:26:00
49.5,2019-02-19,09:48:00,49.5,Buy,NATIONALUM,0.1,50.5,49.6,49.7,49.8,49.9,50.0,50.1,50.2,50.3,50.4,49.5,10:11:00,0.0,Stoploss Hit,Breakeven,,,,,,,,,,,7500,Tue,Feb,10636.7,10640.95,Down,00:23:00
49.6,2019-02-20,14:55:00,49.6,Sell,NATIONALUM,,48.1,,,,,,,,,,49.6,13:24:00,0.0,Stoploss Hit,Breakeven,49.45,49.3,49.15,49.0,48.85,48.7,48.55,48.4,48.25,0.15,7500,Wed,Feb,10870.55,10831.4,Up,01:31:00
50.1,2019-02-28,10:10:00,50.0,Buy,NATIONALUM,0.1,51.1,50.2,50.3,50.4,50.5,50.6,50.7,50.8,50.9,51.0,50.0,10:15:00,-750.0,Stoploss Hit,,,,,,,,,,,,7500,Thu,Feb,11553.35,11532.4,Up,00:05:00
52.45,2019-03-01,09:50:00,52.3,Buy,NATIONALUM,0.15,53.95,52.6,52.75,52.9,53.05,53.2,53.35,53.5,53.65,53.8,52.3,09:54:00,-1125.0,Stoploss Hit,,,,,,,,,,,,7500,Fri,Mar,10782.7,10789.85,Down,00:04:00
57.35,2019-03-06,13:47:00,57.35,Sell,NATIONALUM,,54.6,,,,,,,,,,57.1,13:31:00,-1875.0,Stoploss Hit,,56.85,56.6,56.35,56.1,55.85,55.6,55.35,55.1,54.85,0.25,7500,Wed,Mar,11024.85,10987.45,Up,00:16:00
57.15,2019-03-07,09:55:00,57.15,Sell,NATIONALUM,,54.95,,,,,,,,,,56.95,09:46:00,-1500.0,Stoploss Hit,,56.75,56.55,56.35,56.15,55.95,55.75,55.55,55.35,55.15,0.2,7500,Thu,Mar,10865.7,10806.65,Up,00:09:00
55.45,2019-03-12,09:46:00,55.15,Buy,NATIONALUM,0.3,58.45,55.75,56.05,56.35,56.65,56.95,57.25,57.55,57.85,58.15,55.15,10:00:00,-2250.0,Stoploss Hit,,,,,,,,,,,,7500,Tue,Mar,11077.95,11053.0,Up,00:14:00
56.1,2019-03-20,10:56:00,55.85,Buy,NATIONALUM,0.25,58.6,56.35,56.6,56.85,57.1,57.35,57.6,57.85,58.1,58.35,55.85,11:02:00,-1875.0,Stoploss Hit,,,,,,,,,,,,7500,Wed,Mar,10881.2,10835.3,Up,00:06:00
53.5,2019-03-25,13:07:00,53.3,Buy,NATIONALUM,0.2,55.5,53.7,53.9,54.1,54.3,54.5,54.7,54.9,55.1,55.3,53.3,14:34:00,-1500.0,Stoploss Hit,,,,,,,,,,,,7500,Mon,Mar,11500.3,11462.2,Up,01:27:00
57.45,2019-04-01,09:48:00,57.05,Buy,NATIONALUM,0.4,61.45,57.85,58.25,58.65,59.05,59.45,59.85,60.25,60.65,61.05,57.05,10:36:00,-3000.0,Stoploss Hit,,,,,,,,,,,,7500,Mon,Apr,11375.2,11354.25,Up,00:48:00
55.7,2019-04-04,11:48:00,55.7,Sell,NATIONALUM,,54.05,,,,,,,,,,55.55,11:08:00,-1125.0,Stoploss Hit,,55.4,55.25,55.1,54.95,54.8,54.65,54.5,54.35,54.2,0.15,7500,Thu,Apr,11665.2,11623.9,Up,00:40:00
55.65,2019-04-05,10:59:00,55.65,Sell,NATIONALUM,,55.1,,,,,,,,,,55.6,10:47:00,-375.0,Stoploss Hit,,55.55,55.5,55.45,55.4,55.35,55.3,55.25,55.2,55.15,0.05,7500,Fri,Apr,11704.35,11665.95,Up,00:12:00
55.95,2019-04-09,13:53:00,55.8,Buy,NATIONALUM,0.15,57.45,56.1,56.25,56.4,56.55,56.7,56.85,57.0,57.15,57.3,56.1,15:00:00,1125.0,Market Exit,,,,,,,,,,,,7500,Tue,Apr,11735.3,11713.2,Up,01:07:00
56.1,2019-04-16,11:14:00,56.1,Sell,NATIONALUM,,55.6,,,,,,,,,,56.1,10:40:00,0.0,Stoploss Hit,Breakeven,56.05,56.0,55.95,55.9,55.85,55.8,55.75,55.7,55.65,0.05,7500,Tue,Apr,11646.85,11671.95,Down,00:34:00
51.8,2019-04-30,10:45:00,51.8,Sell,NATIONALUM,,50.3,,,,,,,,,,51.8,09:50:00,0.0,Stoploss Hit,Breakeven,51.65,51.5,51.35,51.2,51.05,50.9,50.75,50.6,50.45,0.15,7500,Tue,Apr,11856.15,11787.15,Up,00:55:00
52.1,2019-05-02,10:40:00,51.95,Buy,NATIONALUM,0.15,53.6,52.25,52.4,52.55,52.7,52.85,53.0,53.15,53.3,53.45,51.95,12:10:00,-1125.0,Stoploss Hit,,,,,,,,,,,,7500,Thu,May,11901.3,11737.9,Up,01:30:00
51.5,2019-05-07,10:09:00,51.5,Buy,NATIONALUM,0.05,52.0,51.55,51.6,51.65,51.7,51.75,51.8,51.85,51.9,51.95,51.5,10:15:00,0.0,Stoploss Hit,Breakeven,,,,,,,,,,,7500,Tue,May,11748.75,11754.65,Down,00:06:00
49.95,2019-05-08,10:35:00,49.95,Sell,NATIONALUM,,47.75,,,,,,,,,,49.75,10:16:00,-1500.0,Stoploss Hit,,49.55,49.35,49.15,48.95,48.75,48.55,48.35,48.15,47.95,0.2,7500,Wed,May,11725.55,11748.15,Down,00:19:00
49.95,2019-05-09,10:04:00,49.75,Buy,NATIONALUM,0.2,51.95,50.15,50.35,50.55,50.75,50.95,51.15,51.35,51.55,51.75,49.75,10:18:00,-1500.0,Stoploss Hit,,,,,,,,,,,,7500,Thu,May,11922.45,11914.4,Up,00:14:00
48.75,2019-05-17,10:01:00,48.75,Sell,NATIONALUM,,47.1,,,,,,,,,,48.6,09:53:00,-1125.0,Stoploss Hit,,48.45,48.3,48.15,48.0,47.85,47.7,47.55,47.4,47.25,0.15,7500,Fri,May,11258.7,11278.9,Down,00:08:00
50.7,2019-05-20,10:02:00,51.1,Buy,NATIONALUM,0.1,51.7,50.8,50.9,51.0,51.1,51.2,51.3,51.4,51.5,51.6,51.1,10:32:00,3000.0,Stoploss Hit,1to4 trail,,,,,,,,,,,7500,Mon,May,11478.7,11497.9,Down,00:30:00
50.2,2019-05-31,11:15:00,50.2,Sell,NATIONALUM,,47.7,,,,,,,,,,50.2,10:16:00,0.0,Stoploss Hit,Breakeven,49.95,49.7,49.45,49.2,48.95,48.7,48.45,48.2,47.95,0.25,7500,Fri,May,11999.8,11945.9,Up,00:59:00
49.7,2019-06-03,10:08:00,49.7,Sell,NATIONALUM,,48.35,,,,,,,,,,49.85,10:03:00,1125.0,Stoploss Hit,1to1 Trail,49.7,49.55,49.4,49.25,49.1,48.95,48.8,48.65,48.5,0.15,7500,Mon,Jun,11180.35,11157.0,Up,00:05:00
49.5,2019-06-11,10:27:00,49.5,Buy,NATIONALUM,0.2,51.5,49.7,49.9,50.1,50.3,50.5,50.7,50.9,51.1,51.3,49.5,13:15:00,0.0,Stoploss Hit,Breakeven,,,,,,,,,,,7500,Tue,Jun,11959.85,11922.7,Up,02:48:00
50.1,2019-06-27,10:37:00,50.1,Sell,NATIONALUM,,49.0,,,,,,,,,,50.0,10:18:00,-750.0,Stoploss Hit,,49.9,49.8,49.7,49.6,49.5,49.4,49.3,49.2,49.1,0.1,7500,Thu,Jun,11865.2,11843.75,Up,00:19:00
50.3,2019-07-03,11:36:00,50.3,Buy,NATIONALUM,0.15,51.8,50.45,50.6,50.75,50.9,51.05,51.2,51.35,51.5,51.65,50.65,15:00:00,2625.0,Market Exit,Breakeven,,,,,,,,,,,7500,Wed,Jul,11681.0,11699.65,Down,03:24:00
48.1,2019-07-08,11:46:00,48.1,Sell,NATIONALUM,,45.9,,,,,,,,,,47.9,10:24:00,-1500.0,Stoploss Hit,,47.7,47.5,47.3,47.1,46.9,46.7,46.5,46.3,46.1,0.2,7500,Mon,Jul,11770.4,11811.15,Down,01:22:00
47.05,2019-07-11,10:25:00,47.05,Sell,NATIONALUM,,44.85,,,,,,,,,,46.85,10:41:00,-1500.0,Stoploss Hit,,46.65,46.45,46.25,46.05,45.85,45.65,45.45,45.25,45.05,0.2,7500,Thu,Jul,11601.15,11582.9,Up,1899-12-29 23:44:00
47.1,2019-07-12,10:35:00,47.1,Buy,NATIONALUM,0.0,47.1,47.1,47.1,47.1,47.1,47.1,47.1,47.1,47.1,47.1,47.1,10:35:00,0.0,Stoploss Hit,,,,,,,,,,,,7500,Fri,Jul,11601.15,11582.9,Up,00:00:00
47.7,2019-07-17,09:57:00,47.45,Buy,NATIONALUM,0.25,50.2,47.95,48.2,48.45,48.7,48.95,49.2,49.45,49.7,49.95,47.45,10:47:00,-1875.0,Stoploss Hit,,,,,,,,,,,,7500,Wed,Jul,11768.15,11796.45,Down,00:50:00
45.25,2019-07-25,11:12:00,45.25,Sell,NATIONALUM,,45.0,,,,,,,,,,45.5,10:21:00,1875.0,Stoploss Hit,1to5 Trail,45.45,45.4,45.35,45.3,45.25,45.2,45.15,45.1,45.05,0.05,7500,Thu,Jul,11531.6,11558.6,Down,00:51:00
45.4,2019-07-26,10:09:00,45.4,Buy,NATIONALUM,0.1,46.4,45.5,45.6,45.7,45.8,45.9,46.0,46.1,46.2,46.3,45.4,10:28:00,0.0,Stoploss Hit,Breakeven,,,,,,,,,,,7500,Fri,Jul,11928.8,11916.75,Up,00:19:00
43.35,2019-08-08,10:15:00,43.25,Buy,NATIONALUM,0.1,44.35,43.45,43.55,43.65,43.75,43.85,43.95,44.05,44.15,44.25,43.25,10:21:00,-750.0,Stoploss Hit,,,,,,,,,,,,7500,Thu,Aug,10899.2,10855.5,Up,00:06:00
44.55,2019-08-09,10:27:00,44.35,Buy,NATIONALUM,0.2,46.55,44.75,44.95,45.15,45.35,45.55,45.75,45.95,46.15,46.35,44.35,11:07:00,-1500.0,Stoploss Hit,,,,,,,,,,,,7500,Fri,Aug,11290.4,11271.3,Up,00:40:00
42.1,2019-08-13,15:22:00,42.1,Sell,NATIONALUM,,41.65,,,,,,,,,,43.15,10:04:00,7875.0,Stoploss Hit,1to7 Trail,43.0,42.85,42.7,42.55,42.4,42.25,42.1,41.95,41.8,0.15,7500,Tue,Aug,11290.4,11271.3,Up,05:18:00
37.4,2019-08-23,10:00:00,37.4,Sell,NATIONALUM,,35.2,,,,,,,,,,37.2,09:46:00,-1500.0,Stoploss Hit,,37.0,36.8,36.6,36.4,36.2,36.0,35.8,35.6,35.4,0.2,7500,Fri,Aug,10699.6,10741.35,Down,00:14:00
41.15,2019-09-03,10:02:00,40.95,Buy,NATIONALUM,0.2,43.15,41.35,41.55,41.75,41.95,42.15,42.35,42.55,42.75,42.95,40.95,10:10:00,-1500.0,Stoploss Hit,,,,,,,,,,,,7500,Tue,Sep,11139.4,11109.65,Up,00:08:00
44.85,2019-09-12,10:39:00,44.85,Sell,NATIONALUM,,42.1,,,,,,,,,,44.6,10:25:00,-1875.0,Stoploss Hit,,44.35,44.1,43.85,43.6,43.35,43.1,42.85,42.6,42.35,0.25,7500,Thu,Sep,11043.65,11029.4,Up,00:14:00
43.6,2019-09-19,10:51:00,43.6,Sell,NATIONALUM,,41.75,,,,,,,,,,45.25,09:49:00,12375.0,Stoploss Hit,Breakeven,44.9,44.55,44.2,43.85,43.5,43.15,42.8,42.45,42.1,0.35,7500,Thu,Sep,10699.6,10741.35,Down,01:02:00
40.8,2019-10-15,11:24:00,41.25,Buy,NATIONALUM,0.15,42.3,40.95,41.1,41.25,41.4,41.55,41.7,41.85,42.0,42.15,41.45,15:00:00,4875.0,Market Exit,1to3 trail,,,,,,,,,,,7500,Tue,Oct,11000.1,11003.5,Down,03:36:00
44.25,2019-10-30,10:19:00,44.25,Buy,NATIONALUM,0.1,45.25,44.35,44.45,44.55,44.65,44.75,44.85,44.95,45.05,45.15,44.25,10:35:00,0.0,Stoploss Hit,Breakeven,,,,,,,,,,,7500,Wed,Oct,11335.9,11305.05,Up,00:16:00
44.05,2019-10-31,10:46:00,44.05,Sell,NATIONALUM,,42.4,,,,,,,,,,43.9,10:30:00,-1125.0,Stoploss Hit,,43.75,43.6,43.45,43.3,43.15,43.0,42.85,42.7,42.55,0.15,7500,Thu,Oct,11890.45,11844.1,Up,00:16:00
42.35,2019-11-14,09:54:00,41.7,Buy,NATIONALUM,0.65,48.85,43.0,43.65,44.3,44.95,45.6,46.25,46.9,47.55,48.2,41.7,10:13:00,-4875.0,Stoploss Hit,,,,,,,,,,,,7500,Thu,Nov,11464.95,11428.3,Up,00:19:00
42.45,2019-11-18,10:16:00,42.45,Buy,NATIONALUM,0.15,43.95,42.6,42.75,42.9,43.05,43.2,43.35,43.5,43.65,43.8,42.45,10:31:00,0.0,Stoploss Hit,Breakeven,,,,,,,,,,,7500,Mon,Nov,11911.5,11917.2,Down,00:15:00
42.5,2019-11-20,10:19:00,42.3,Buy,NATIONALUM,0.2,44.5,42.7,42.9,43.1,43.3,43.5,43.7,43.9,44.1,44.3,42.3,11:10:00,-1500.0,Stoploss Hit,,,,,,,,,,,,7500,Wed,Nov,12021.1,11966.05,Up,00:51:00
43.95,2019-11-28,10:04:00,43.95,Buy,NATIONALUM,0.05,44.45,44.0,44.05,44.1,44.15,44.2,44.25,44.3,44.35,44.4,43.95,10:10:00,0.0,Stoploss Hit,Breakeven,,,,,,,,,,,7500,Thu,Nov,11904.2,11872.1,Up,00:06:00
44.55,2019-11-29,11:19:00,44.55,Sell,NATIONALUM,,42.9,,,,,,,,,,44.4,11:14:00,-1125.0,Stoploss Hit,,44.25,44.1,43.95,43.8,43.65,43.5,43.35,43.2,43.05,0.15,7500,Fri,Nov,11915.15,11895.45,Up,00:05:00
45.9,2020-01-13,12:11:00,45.9,Buy,NATIONALUM,0.1,46.9,46.0,46.1,46.2,46.3,46.4,46.5,46.6,46.7,46.8,45.9,12:20:00,0.0,Stoploss Hit,Breakeven,,,,,,,,,,,7500,Mon,Jan,12274.9,12245.8,Up,00:09:00
44.3,2020-01-30,11:52:00,44.3,Sell,NATIONALUM,,43.3,,,,,,,,,,44.3,10:03:00,0.0,Stoploss Hit,Breakeven,44.2,44.1,44.0,43.9,43.8,43.7,43.6,43.5,43.4,0.1,7500,Thu,Jan,12147.75,12129.5,Up,01:49:00
45.0,2020-02-06,10:02:00,44.75,Buy,NATIONALUM,0.25,47.5,45.25,45.5,45.75,46.0,46.25,46.5,46.75,47.0,47.25,44.75,10:45:00,-1875.0,Stoploss Hit,,,,,,,,,,,,7500,Thu,Feb,12108.4,12031.5,Up,00:43:00
44.6,2020-02-07,12:30:00,44.5,Buy,NATIONALUM,0.1,45.6,44.7,44.8,44.9,45.0,45.1,45.2,45.3,45.4,45.5,44.5,13:22:00,-750.0,Stoploss Hit,,,,,,,,,,,,7500,Fri,Feb,12120.0,12089.15,Up,00:52:00
28.2,2020-03-23,10:58:00,28.2,Sell,NATIONALUM,,26.1,,,,,,,,,,29.1,09:46:00,6750.0,Stoploss Hit,1to3 Trail,28.8,28.5,28.2,27.9,27.6,27.3,27.0,26.7,26.4,0.3,7500,Mon,Mar,9088.45,8967.05,Up,01:12:00
29.3,2020-03-26,09:46:00,29.3,Buy,NATIONALUM,0.25,31.8,29.55,29.8,30.05,30.3,30.55,30.8,31.05,31.3,31.55,29.3,10:59:00,0.0,Stoploss Hit,Breakeven,,,,,,,,,,,7500,Thu,Mar,8451.0,8317.85,Up,01:13:00
30.0,2020-04-09,10:04:00,30.0,Sell,NATIONALUM,,27.8,,,,,,,,,,29.8,09:53:00,-1500.0,Stoploss Hit,,29.6,29.4,29.2,29.0,28.8,28.6,28.4,28.2,28.0,0.2,7500,Thu,Apr,10942.65,11269.0,Down,00:11:00
31.25,2020-04-15,10:17:00,31.05,Buy,NATIONALUM,0.2,33.25,31.45,31.65,31.85,32.05,32.25,32.45,32.65,32.85,33.05,31.05,11:01:00,-1500.0,Stoploss Hit,,,,,,,,,,,,7500,Wed,Apr,8356.55,8253.8,Up,00:44:00
30.9,2020-04-29,10:50:00,31.0,Buy,NATIONALUM,0.05,31.4,30.95,31.0,31.05,31.1,31.15,31.2,31.25,31.3,31.35,31.0,10:57:00,750.0,Stoploss Hit,1to2 trail,,,,,,,,,,,7500,Wed,Apr,8584.1,8597.75,Down,00:07:00
29.0,2020-05-06,09:56:00,29.0,Sell,NATIONALUM,,26.25,,,,,,,,,,28.75,09:47:00,-1875.0,Stoploss Hit,,28.5,28.25,28.0,27.75,27.5,27.25,27.0,26.75,26.5,0.25,7500,Wed,May,9016.95,9261.85,Down,00:09:00
31.25,2020-06-03,10:38:00,31.25,Sell,NATIONALUM,,29.05,,,,,,,,,,31.05,09:49:00,-1500.0,Stoploss Hit,,30.85,30.65,30.45,30.25,30.05,29.85,29.65,29.45,29.25,0.2,7500,Wed,Jun,10108.3,9979.1,Up,00:49:00
32.25,2020-06-29,10:27:00,32.25,Sell,NATIONALUM,,30.75,,,,,,,,,,32.25,10:11:00,0.0,Stoploss Hit,Breakeven,32.1,31.95,31.8,31.65,31.5,31.35,31.2,31.05,30.9,0.15,7500,Mon,Jun,10323.8,10302.1,Up,00:16:00
32.0,2020-07-01,10:40:00,31.9,Buy,NATIONALUM,0.1,33.0,32.1,32.2,32.3,32.4,32.5,32.6,32.7,32.8,32.9,31.9,10:43:00,-750.0,Stoploss Hit,,,,,,,,,,,,7500,Wed,Jul,10750.85,10802.7,Down,00:03:00
31.95,2020-07-02,12:11:00,31.95,Sell,NATIONALUM,,30.3,,,,,,,,,,31.8,10:19:00,-1125.0,Stoploss Hit,,31.65,31.5,31.35,31.2,31.05,30.9,30.75,30.6,30.45,0.15,7500,Thu,Jul,10493.05,10430.05,Up,01:52:00
36.8,2020-07-09,09:59:00,36.8,Buy,NATIONALUM,0.2,38.8,37.0,37.2,37.4,37.6,37.8,38.0,38.2,38.4,38.6,36.8,11:50:00,0.0,Stoploss Hit,Breakeven,,,,,,,,,,,7500,Thu,Jul,10755.55,10705.75,Up,01:51:00
34.35,2020-07-14,09:46:00,34.35,Sell,NATIONALUM,,34.05,,,,,,,,,,35.05,10:17:00,5250.0,Stoploss Hit,1to7 Trail,34.95,34.85,34.75,34.65,34.55,34.45,34.35,34.25,34.15,0.1,7500,Tue,Jul,10752.0,10739.95,Up,1899-12-29 23:29:00
33.6,2020-07-21,10:19:00,33.6,Sell,NATIONALUM,,32.5,,,,,,,,,,33.5,10:01:00,-750.0,Stoploss Hit,,33.4,33.3,33.2,33.1,33.0,32.9,32.8,32.7,32.6,0.1,7500,Tue,Jul,11126.1,11022.2,Up,00:18:00
34.95,2020-08-10,10:20:00,34.95,Sell,NATIONALUM,,34.4,,,,,,,,,,34.9,10:16:00,-375.0,Stoploss Hit,,34.85,34.8,34.75,34.7,34.65,34.6,34.55,34.5,34.45,0.05,7500,Mon,Aug,11270.25,11214.05,Up,00:04:00
35.1,2020-08-13,12:02:00,35.1,Sell,NATIONALUM,,34.0,,,,,,,,,,35.0,11:45:00,-750.0,Stoploss Hit,,34.9,34.8,34.7,34.6,34.5,34.4,34.3,34.2,34.1,0.1,7500,Thu,Aug,11270.25,11214.05,Up,00:17:00
35.15,2020-08-14,12:03:00,35.15,Sell,NATIONALUM,,34.15,,,,,,,,,,35.15,09:51:00,0.0,Stoploss Hit,Breakeven,35.05,34.95,34.85,34.75,34.65,34.55,34.45,34.35,34.25,0.1,7500,Fri,Aug,11602.95,11559.25,Up,02:12:00
37.5,2020-08-27,09:46:00,37.5,Sell,NATIONALUM,,36.3,,,,,,,,,,37.8,09:46:00,2250.0,Stoploss Hit,1to2 Trail,37.65,37.5,37.35,37.2,37.05,36.9,36.75,36.6,36.45,0.15,7500,Thu,Aug,11777.55,11647.6,Up,00:00:00
36.65,2020-09-02,11:15:00,36.65,Sell,NATIONALUM,,36.1,,,,,,,,,,36.6,11:14:00,-375.0,Stoploss Hit,,36.55,36.5,36.45,36.4,36.35,36.3,36.25,36.2,36.15,0.05,7500,Wed,Sep,11464.3,11387.5,Up,00:01:00
34.35,2020-09-11,11:36:00,34.35,Sell,NATIONALUM,,33.8,,,,,,,,,,34.3,11:31:00,-375.0,Stoploss Hit,,34.25,34.2,34.15,34.1,34.05,34.0,33.95,33.9,33.85,0.05,7500,Fri,Sep,11447.8,11449.25,Down,00:05:00
34.0,2020-09-15,10:01:00,34.0,Sell,NATIONALUM,,32.95,,,,,,,,,,34.95,09:52:00,7125.0,Stoploss Hit,Breakeven,34.75,34.55,34.35,34.15,33.95,33.75,33.55,33.35,33.15,0.2,7500,Tue,Sep,11452.15,11385.35,Up,00:09:00
31.25,2020-10-08,09:46:00,31.25,Sell,NATIONALUM,,30.25,,,,,,,,,,31.25,11:21:00,0.0,Stoploss Hit,Breakeven,31.15,31.05,30.95,30.85,30.75,30.65,30.55,30.45,30.35,0.1,7500,Thu,Oct,11852.05,11834.6,Up,1899-12-29 22:25:00
30.1,2020-10-15,12:28:00,30.0,Buy,NATIONALUM,0.1,31.1,30.2,30.3,30.4,30.5,30.6,30.7,30.8,30.9,31.0,30.0,13:53:00,-750.0,Stoploss Hit,,,,,,,,,,,,7500,Thu,Oct,11603.45,11503.35,Up,01:25:00
30.45,2020-10-21,15:23:00,30.45,Sell,NATIONALUM,,30.15,,,,,,,,,,31.15,12:26:00,5250.0,Stoploss Hit,1to7 Trail,31.05,30.95,30.85,30.75,30.65,30.55,30.45,30.35,30.25,0.1,7500,Wed,Oct,11922.6,11889.4,Up,02:57:00
31.1,2020-11-05,09:53:00,32.1,Buy,NATIONALUM,0.2,33.1,31.3,31.5,31.7,31.9,32.1,32.3,32.5,32.7,32.9,32.55,15:00:00,10875.0,Market Exit,1to5 trail,,,,,,,,,,,7500,Thu,Nov,11727.4,11680.35,Up,05:07:00
33.45,2020-11-12,11:47:00,33.45,Sell,NATIONALUM,,33.4,,,,,,,,,,34.4,10:19:00,7125.0,Stoploss Hit,Breakeven,34.3,34.2,34.1,34.0,33.9,33.8,33.7,33.6,33.5,0.1,7500,Thu,Nov,11633.3,11729.6,Down,01:28:00
36.85,2020-11-19,10:00:00,36.85,Buy,NATIONALUM,0.15,38.35,37.0,37.15,37.3,37.45,37.6,37.75,37.9,38.05,38.2,36.85,14:18:00,0.0,Stoploss Hit,Breakeven,,,,,,,,,,,7500,Thu,Nov,13980.9,13932.6,Up,04:18:00
36.05,2020-11-25,11:30:00,36.05,Sell,NATIONALUM,,35.05,,,,,,,,,,36.05,10:44:00,0.0,Stoploss Hit,Breakeven,35.95,35.85,35.75,35.65,35.55,35.45,35.35,35.25,35.15,0.1,7500,Wed,Nov,12680.6,12631.1,Up,00:46:00
35.7,2020-11-26,10:11:00,35.7,Sell,NATIONALUM,,34.7,,,,,,,,,,35.7,09:50:00,0.0,Stoploss Hit,Breakeven,35.6,35.5,35.4,35.3,35.2,35.1,35.0,34.9,34.8,0.1,7500,Thu,Nov,12960.3,12859.05,Up,00:21:00
42.55,2020-12-08,13:42:00,42.55,Sell,NATIONALUM,,41.05,,,,,,,,,,42.55,10:54:00,0.0,Stoploss Hit,Breakeven,42.4,42.25,42.1,41.95,41.8,41.65,41.5,41.35,41.2,0.15,7500,Tue,Dec,13393.85,13355.75,Up,02:48:00
42.35,2020-12-09,10:13:00,42.35,Sell,NATIONALUM,,41.8,,,,,,,,,,42.3,10:11:00,-375.0,Stoploss Hit,,42.25,42.2,42.15,42.1,42.05,42.0,41.95,41.9,41.85,0.05,7500,Wed,Dec,12860.1,12874.2,Down,00:02:00
42.4,2020-12-15,10:16:00,42.4,Sell,NATIONALUM,,41.3,,,,,,,,,,42.3,10:09:00,-750.0,Stoploss Hit,,42.2,42.1,42.0,41.9,41.8,41.7,41.6,41.5,41.4,0.1,7500,Tue,Dec,13547.2,13558.15,Down,00:07:00
43.45,2020-12-21,11:11:00,43.2,Buy,NATIONALUM,0.25,45.95,43.7,43.95,44.2,44.45,44.7,44.95,45.2,45.45,45.7,43.2,12:42:00,-1875.0,Stoploss Hit,,,,,,,,,,,,7500,Mon,Dec,13177.4,13133.9,Up,01:31:00
41.5,2020-12-28,10:50:00,41.5,Sell,NATIONALUM,,37.65,,,,,,,,,,41.15,10:39:00,-2625.0,Stoploss Hit,,40.8,40.45,40.1,39.75,39.4,39.05,38.7,38.35,38.0,0.35,7500,Mon,Dec,13473.5,13466.3,Up,00:11:00
41.35,2020-12-30,12:52:00,41.35,Sell,NATIONALUM,,38.05,,,,,,,,,,41.05,12:46:00,-2250.0,Stoploss Hit,,40.75,40.45,40.15,39.85,39.55,39.25,38.95,38.65,38.35,0.3,7500,Wed,Dec,13663.1,13567.85,Up,00:06:00
45.9,2021-01-15,09:46:00,45.9,Sell,NATIONALUM,,41.4,,,,,,,,,,45.9,09:46:00,0.0,Stoploss Hit,Breakeven,45.45,45.0,44.55,44.1,43.65,43.2,42.75,42.3,41.85,0.45,7500,Fri,Jan,14104.35,14018.5,Up,00:00:00
44.45,2021-01-19,10:06:00,44.3,Buy,NATIONALUM,0.15,45.95,44.6,44.75,44.9,45.05,45.2,45.35,45.5,45.65,45.8,44.3,10:33:00,-1125.0,Stoploss Hit,,,,,,,,,,,,7500,Tue,Jan,14453.3,14433.7,Up,00:27:00
46.1,2021-01-27,09:55:00,46.1,Buy,NATIONALUM,0.2,48.1,46.3,46.5,46.7,46.9,47.1,47.3,47.5,47.7,47.9,46.1,13:55:00,0.0,Stoploss Hit,Breakeven,,,,,,,,,,,7500,Wed,Jan,15164.15,15115.8,Up,04:00:00
50.0,2021-02-02,10:29:00,50.0,Sell,NATIONALUM,,45.6,,,,,,,,,,49.6,10:14:00,-3000.0,Stoploss Hit,,49.2,48.8,48.4,48.0,47.6,47.2,46.8,46.4,46.0,0.4,7500,Tue,Feb,15164.15,15115.8,Up,00:15:00
51.2,2021-02-03,13:53:00,51.0,Buy,NATIONALUM,0.2,53.2,51.4,51.6,51.8,52.0,52.2,52.4,52.6,52.8,53.0,51.0,14:15:00,-1500.0,Stoploss Hit,,,,,,,,,,,,7500,Wed,Feb,14594.35,14595.6,Down,00:22:00
50.35,2021-02-12,11:24:00,50.35,Sell,NATIONALUM,,49.25,,,,,,,,,,50.25,11:17:00,-750.0,Stoploss Hit,,50.15,50.05,49.95,49.85,49.75,49.65,49.55,49.45,49.35,0.1,7500,Fri,Feb,14481.1,14281.2,Up,00:07:00
63.7,2021-03-03,10:03:00,63.2,Buy,NATIONALUM,0.5,68.7,64.2,64.7,65.2,65.7,66.2,66.7,67.2,67.7,68.2,63.2,10:16:00,-3750.0,Stoploss Hit,,,,,,,,,,,,7500,Wed,Mar,14729.15,14707.8,Up,00:13:00
58.55,2021-03-08,11:10:00,58.55,Sell,NATIONALUM,,56.9,,,,,,,,,,58.4,11:00:00,-1125.0,Stoploss Hit,,58.25,58.1,57.95,57.8,57.65,57.5,57.35,57.2,57.05,0.15,7500,Mon,Mar,14888.6,15097.35,Down,00:10:00
57.05,2021-03-18,11:31:00,57.05,Sell,NATIONALUM,,54.05,,,,,,,,,,57.05,10:32:00,0.0,Stoploss Hit,Breakeven,56.75,56.45,56.15,55.85,55.55,55.25,54.95,54.65,54.35,0.3,7500,Thu,Mar,15026.75,15245.6,Down,00:59:00
54.95,2021-03-23,09:50:00,54.95,Buy,NATIONALUM,0.2,56.95,55.15,55.35,55.55,55.75,55.95,56.15,56.35,56.55,56.75,54.95,10:39:00,0.0,Stoploss Hit,Breakeven,,,,,,,,,,,7500,Tue,Mar,15026.75,15245.6,Down,00:49:00
51.5,2021-03-25,12:13:00,51.5,Sell,NATIONALUM,,50.3,,,,,,,,,,51.8,10:55:00,2250.0,Stoploss Hit,1to2 Trail,51.65,51.5,51.35,51.2,51.05,50.9,50.75,50.6,50.45,0.15,7500,Thu,Mar,15048.4,15030.95,Up,01:18:00
53.45,2021-03-26,14:24:00,53.45,Buy,NATIONALUM,0.25,55.95,53.7,53.95,54.2,54.45,54.7,54.95,55.2,55.45,55.7,53.8,15:00:00,2625.0,Market Exit,Breakeven,,,,,,,,,,,7500,Fri,Mar,14875.65,14819.05,Up,00:36:00
55.1,2021-03-30,09:48:00,54.9,Buy,NATIONALUM,0.2,57.1,55.3,55.5,55.7,55.9,56.1,56.3,56.5,56.7,56.9,54.9,10:02:00,-1500.0,Stoploss Hit,,,,,,,,,,,,7500,Tue,Mar,14736.3,14744.0,Down,00:14:00
60.65,2021-04-09,10:08:00,60.65,Sell,NATIONALUM,,59.0,,,,,,,,,,60.5,10:03:00,-1125.0,Stoploss Hit,,60.35,60.2,60.05,59.9,59.75,59.6,59.45,59.3,59.15,0.15,7500,Fri,Apr,14768.55,14736.4,Up,00:05:00
55.1,2021-04-13,09:54:00,54.95,Buy,NATIONALUM,0.15,56.6,55.25,55.4,55.55,55.7,55.85,56.0,56.15,56.3,56.45,54.95,09:56:00,-1125.0,Stoploss Hit,,,,,,,,,,,,7500,Tue,Apr,14712.45,14814.75,Down,00:02:00
56.4,2021-04-15,10:26:00,56.4,Sell,NATIONALUM,,54.75,,,,,,,,,,56.25,10:16:00,-1125.0,Stoploss Hit,,56.1,55.95,55.8,55.65,55.5,55.35,55.2,55.05,54.9,0.15,7500,Thu,Apr,14522.4,14504.8,Up,00:10:00
57.9,2021-04-20,10:04:00,57.9,Sell,NATIONALUM,,57.5,,,,,,,,,,58.0,10:02:00,750.0,Stoploss Hit,1to2 Trail,57.95,57.9,57.85,57.8,57.75,57.7,57.65,57.6,57.55,0.05,7500,Tue,Apr,14736.3,14744.0,Down,00:02:00
57.65,2021-04-26,10:25:00,57.45,Buy,NATIONALUM,0.2,59.65,57.85,58.05,58.25,58.45,58.65,58.85,59.05,59.25,59.45,57.45,10:48:00,-1500.0,Stoploss Hit,,,,,,,,,,,,7500,Mon,Apr,14768.55,14736.4,Up,00:23:00
67.25,2021-05-05,11:59:00,67.25,Sell,NATIONALUM,,65.25,,,,,,,,,,67.25,11:39:00,0.0,Stoploss Hit,Breakeven,67.05,66.85,66.65,66.45,66.25,66.05,65.85,65.65,65.45,0.2,7500,Wed,May,14604.15,14496.5,Up,00:20:00
72.3,2021-05-17,13:41:00,73.2,Buy,NATIONALUM,0.3,75.3,72.6,72.9,73.2,73.5,73.8,74.1,74.4,74.7,75.0,73.8,15:00:00,11250.0,Market Exit,1to3 trail,,,,,,,,,,,7500,Mon,May,14756.25,14677.8,Up,01:19:00
71.4,2021-05-24,12:07:00,72.4,Buy,NATIONALUM,0.5,76.4,71.9,72.4,72.9,73.4,73.9,74.4,74.9,75.4,75.9,73.3,15:00:00,14250.0,Market Exit,1to2 trail,,,,,,,,,,,7500,Mon,May,14789.7,14942.35,Down,02:53:00
73.1,2021-06-02,09:53:00,72.85,Buy,NATIONALUM,0.25,75.6,73.35,73.6,73.85,74.1,74.35,74.6,74.85,75.1,75.35,72.85,09:57:00,-1875.0,Stoploss Hit,,,,,,,,,,,,7500,Wed,Jun,15520.35,15574.85,Down,00:04:00
74.1,2021-06-07,13:44:00,74.1,Buy,NATIONALUM,0.4,78.1,74.5,74.9,75.3,75.7,76.1,76.5,76.9,77.3,77.7,74.7,15:00:00,4500.0,Market Exit,Breakeven,,,,,,,,,,,7500,Mon,Jun,15291.75,15197.7,Up,01:16:00
73.1,2021-06-09,10:21:00,72.9,Buy,NATIONALUM,0.2,75.1,73.3,73.5,73.7,73.9,74.1,74.3,74.5,74.7,74.9,72.9,10:36:00,-1500.0,Stoploss Hit,,,,,,,,,,,,7500,Wed,Jun,15211.35,15175.3,Up,00:15:00
70.8,2021-06-16,10:27:00,70.8,Sell,NATIONALUM,,69.4,,,,,,,,,,71.4,09:46:00,4500.0,Stoploss Hit,1to3 Trail,71.2,71.0,70.8,70.6,70.4,70.2,70.0,69.8,69.6,0.2,7500,Wed,Jun,15629.65,15582.8,Up,00:41:00
69.95,2021-06-17,10:28:00,67.15,Buy,NATIONALUM,-0.4,65.95,69.55,69.15,68.75,68.35,67.95,67.55,67.15,66.75,66.35,67.15,14:27:00,-21000.0,Stoploss Hit,1to7 trail,,,,,,,,,,,7500,Thu,Jun,15866.95,15811.85,Up,03:59:00
66.65,2021-06-18,11:21:00,66.65,Sell,NATIONALUM,,61.65,,,,,,,,,,66.65,10:25:00,0.0,Stoploss Hit,Breakeven,66.15,65.65,65.15,64.65,64.15,63.65,63.15,62.65,62.15,0.5,7500,Fri,Jun,15520.35,15574.85,Down,00:56:00
70.7,2021-06-23,10:31:00,70.5,Buy,NATIONALUM,0.2,72.7,70.9,71.1,71.3,71.5,71.7,71.9,72.1,72.3,72.5,70.5,10:40:00,-1500.0,Stoploss Hit,,,,,,,,,,,,7500,Wed,Jun,15862.8,15772.75,Up,00:09:00
75.9,2021-06-28,10:13:00,82.55,Buy,NATIONALUM,0.5,80.9,76.4,76.9,77.4,77.9,78.4,78.9,79.4,79.9,80.4,82.55,14:25:00,49875.0,Stoploss Hit,Breakeven,,,,,,,,,,,7500,Mon,Jun,15796.45,15737.75,Up,04:12:00
94.95,2021-06-29,09:57:00,94.95,Sell,NATIONALUM,,101.55,,,,,,,,,,79.55,14:26:00,-115500.0,Stoploss Hit,1to7 Trail,81.75,83.95,86.15,88.35,90.55,92.75,94.95,97.15,99.35,-2.2,7500,Tue,Jun,15849.3,15856.05,Down,1899-12-29 19:31:00
94.15,2021-08-03,09:55:00,94.15,Sell,NATIONALUM,,92.15,,,,,,,,,,94.15,09:46:00,0.0,Stoploss Hit,Breakeven,93.95,93.75,93.55,93.35,93.15,92.95,92.75,92.55,92.35,0.2,7500,Tue,Aug,15958.35,15924.2,Up,00:09:00
94.9,2021-08-04,11:41:00,94.9,Sell,NATIONALUM,,93.25,,,,,,,,,,94.75,11:34:00,-1125.0,Stoploss Hit,,94.6,94.45,94.3,94.15,94.0,93.85,93.7,93.55,93.4,0.15,7500,Wed,Aug,15819.6,15818.25,Up,00:07:00
82.65,2021-08-17,12:12:00,82.65,Sell,NATIONALUM,,80.15,,,,,,,,,,82.65,11:47:00,0.0,Stoploss Hit,Breakeven,82.4,82.15,81.9,81.65,81.4,81.15,80.9,80.65,80.4,0.25,7500,Tue,Aug,15951.55,15885.15,Up,00:25:00
72.4,2021-08-23,10:36:00,72.4,Sell,NATIONALUM,,71.0,,,,,,,,,,74.5,09:59:00,15750.0,Stoploss Hit,1to6 Trail,74.15,73.8,73.45,73.1,72.75,72.4,72.05,71.7,71.35,0.35,7500,Mon,Aug,15800.6,15778.45,Up,00:37:00
79.45,2021-08-24,10:15:00,78.65,Buy,NATIONALUM,0.8,87.45,80.25,81.05,81.85,82.65,83.45,84.25,85.05,85.85,86.65,78.65,10:48:00,-6000.0,Stoploss Hit,,,,,,,,,,,,7500,Tue,Aug,16561.4,16496.45,Up,00:33:00
80.6,2021-08-25,13:09:00,80.6,Sell,NATIONALUM,,77.6,,,,,,,,,,80.6,11:07:00,0.0,Stoploss Hit,Breakeven,80.3,80.0,79.7,79.4,79.1,78.8,78.5,78.2,77.9,0.3,7500,Wed,Aug,16281.35,16238.2,Up,02:02:00
81.05,2021-08-26,10:21:00,81.05,Sell,NATIONALUM,,78.3,,,,,,,,,,80.8,09:48:00,-1875.0,Stoploss Hit,,80.55,80.3,80.05,79.8,79.55,79.3,79.05,78.8,78.55,0.25,7500,Thu,Aug,15762.7,15709.4,Up,00:33:00
89.25,2021-08-31,09:49:00,89.25,Buy,NATIONALUM,0.45,93.75,89.7,90.15,90.6,91.05,91.5,91.95,92.4,92.85,93.3,90.4,15:00:00,8625.0,Market Exit,Breakeven,,,,,,,,,,,7500,Tue,Aug,16382.5,16568.85,Down,05:11:00
94.95,2021-09-07,09:47:00,94.95,Sell,NATIONALUM,,92.0,,,,,,,,,,97.5,09:59:00,19125.0,Stoploss Hit,Breakeven,96.95,96.4,95.85,95.3,94.75,94.2,93.65,93.1,92.55,0.55,7500,Tue,Sep,17670.85,17546.65,Up,1899-12-29 23:48:00
96.55,2021-09-16,11:25:00,96.55,Sell,NATIONALUM,,94.05,,,,,,,,,,96.55,09:56:00,0.0,Stoploss Hit,Breakeven,96.3,96.05,95.8,95.55,95.3,95.05,94.8,94.55,94.3,0.25,7500,Thu,Sep,17095.4,17076.25,Up,01:29:00
91.8,2021-09-23,12:31:00,91.8,Sell,NATIONALUM,,89.05,,,,,,,,,,91.55,12:05:00,-1875.0,Stoploss Hit,,91.3,91.05,90.8,90.55,90.3,90.05,89.8,89.55,89.3,0.25,7500,Thu,Sep,17387.65,17380.0,Up,00:26:00
90.8,2021-09-28,09:59:00,90.3,Buy,NATIONALUM,0.5,95.8,91.3,91.8,92.3,92.8,93.3,93.8,94.3,94.8,95.3,90.3,10:20:00,-3750.0,Stoploss Hit,,,,,,,,,,,,7500,Tue,Sep,17897.45,17822.95,Up,00:21:00
90.75,2021-09-29,09:49:00,92.85,Buy,NATIONALUM,0.3,93.75,91.05,91.35,91.65,91.95,92.25,92.55,92.85,93.15,93.45,92.85,09:46:00,15750.0,Stoploss Hit,1to7 trail,,,,,,,,,,,7500,Wed,Sep,17363.55,17369.25,Down,1899-12-29 23:57:00
93.0,2021-10-01,11:11:00,93.0,Buy,NATIONALUM,0.4,97.0,93.4,93.8,94.2,94.6,95.0,95.4,95.8,96.2,96.6,93.0,12:02:00,0.0,Stoploss Hit,Breakeven,,,,,,,,,,,7500,Fri,Oct,17420.35,17355.3,Up,00:51:00
96.85,2021-10-11,11:24:00,96.85,Sell,NATIONALUM,,94.1,,,,,,,,,,96.6,11:04:00,-1875.0,Stoploss Hit,,96.35,96.1,95.85,95.6,95.35,95.1,94.85,94.6,94.35,0.25,7500,Mon,Oct,17886.85,17790.35,Up,00:20:00
103.05,2021-10-26,09:49:00,103.05,Sell,NATIONALUM,,99.55,,,,,,,,,,103.05,09:46:00,0.0,Stoploss Hit,Breakeven,102.7,102.35,102.0,101.65,101.3,100.95,100.6,100.25,99.9,0.35,7500,Tue,Oct,17810.55,17646.0,Up,00:03:00
98.35,2021-11-08,10:00:00,98.35,Sell,NATIONALUM,,91.2,,,,,,,,,,97.7,09:46:00,-4875.0,Stoploss Hit,,97.05,96.4,95.75,95.1,94.45,93.8,93.15,92.5,91.85,0.65,7500,Mon,Nov,17783.15,17671.65,Up,00:14:00
98.65,2021-11-11,11:23:00,98.65,Sell,NATIONALUM,,97.0,,,,,,,,,,98.5,11:10:00,-1125.0,Stoploss Hit,,98.35,98.2,98.05,97.9,97.75,97.6,97.45,97.3,97.15,0.15,7500,Thu,Nov,17973.45,18044.25,Down,00:13:00
101.0,2021-11-16,09:51:00,100.6,Buy,NATIONALUM,0.4,105.0,101.4,101.8,102.2,102.6,103.0,103.4,103.8,104.2,104.6,100.6,14:15:00,-3000.0,Stoploss Hit,,,,,,,,,,,,7500,Tue,Nov,18127.05,18109.45,Up,04:24:00
99.9,2021-11-17,10:34:00,99.6,Buy,NATIONALUM,0.3,102.9,100.2,100.5,100.8,101.1,101.4,101.7,102.0,102.3,102.6,99.6,10:51:00,-2250.0,Stoploss Hit,,,,,,,,,,,,7500,Wed,Nov,17867.55,17895.2,Down,00:17:00
95.85,2021-11-22,09:47:00,95.1,Buy,NATIONALUM,0.75,103.35,96.6,97.35,98.1,98.85,99.6,100.35,101.1,101.85,102.6,95.1,12:10:00,-5625.0,Stoploss Hit,,,,,,,,,,,,7500,Mon,Nov,18230.7,18178.1,Up,02:23:00
90.15,2021-11-30,09:54:00,89.5,Buy,NATIONALUM,0.65,96.65,90.8,91.45,92.1,92.75,93.4,94.05,94.7,95.35,96.0,89.5,11:11:00,-4875.0,Stoploss Hit,,,,,,,,,,,,7500,Tue,Nov,18500.1,18338.55,Up,01:17:00
98.1,2021-12-10,12:25:00,98.1,Sell,NATIONALUM,,97.05,,,,,,,,,,98.55,12:19:00,3375.0,Stoploss Hit,1to3 Trail,98.4,98.25,98.1,97.95,97.8,97.65,97.5,97.35,97.2,0.15,7500,Fri,Dec,17338.75,17536.25,Down,00:06:00
99.15,2021-12-17,11:20:00,99.15,Sell,NATIONALUM,,96.0,,,,,,,,,,99.5,09:46:00,2625.0,Stoploss Hit,1to1 Trail,99.15,98.8,98.45,98.1,97.75,97.4,97.05,96.7,96.35,0.35,7500,Fri,Dec,17276.0,17248.4,Up,01:34:00
94.4,2021-12-20,10:14:00,94.4,Sell,NATIONALUM,,92.75,,,,,,,,,,94.25,10:14:00,-1125.0,Stoploss Hit,,94.1,93.95,93.8,93.65,93.5,93.35,93.2,93.05,92.9,0.15,7500,Mon,Dec,17973.45,18044.25,Down,00:00:00
101.05,2021-12-22,10:21:00,100.2,Buy,NATIONALUM,0.85,109.55,101.9,102.75,103.6,104.45,105.3,106.15,107.0,107.85,108.7,100.2,10:30:00,-6375.0,Stoploss Hit,,,,,,,,,,,,7500,Wed,Dec,17338.75,17536.25,Down,00:09:00
100.55,2021-12-31,10:06:00,100.55,Buy,NATIONALUM,0.3,103.55,100.85,101.15,101.45,101.75,102.05,102.35,102.65,102.95,103.25,100.55,13:46:00,0.0,Stoploss Hit,Breakeven,,,,,,,,,,,7500,Fri,Dec,17066.8,16955.45,Up,03:40:00
106.2,2022-01-06,10:20:00,105.95,Buy,NATIONALUM,0.25,108.7,106.45,106.7,106.95,107.2,107.45,107.7,107.95,108.2,108.45,105.95,10:20:00,-1875.0,Stoploss Hit,,,,,,,,,,,,7500,Thu,Jan,17066.8,16955.45,Up,00:00:00
111.4,2022-01-10,09:55:00,110.9,Buy,NATIONALUM,0.5,116.4,111.9,112.4,112.9,113.4,113.9,114.4,114.9,115.4,115.9,110.9,10:05:00,-3750.0,Stoploss Hit,,,,,,,,,,,,7500,Mon,Jan,16824.25,16985.2,Down,00:10:00
109.65,2022-01-19,09:51:00,109.65,Buy,NATIONALUM,0.35,113.15,110.0,110.35,110.7,111.05,111.4,111.75,112.1,112.45,112.8,109.65,10:23:00,0.0,Stoploss Hit,Breakeven,,,,,,,,,,,7500,Wed,Jan,17408.45,17352.45,Up,00:32:00
108.85,2022-01-28,10:06:00,108.6,Buy,NATIONALUM,0.25,111.35,109.1,109.35,109.6,109.85,110.1,110.35,110.6,110.85,111.1,108.6,10:06:00,-1875.0,Stoploss Hit,,,,,,,,,,,,7500,Fri,Jan,17301.05,17101.95,Up,00:00:00
109.4,2022-01-31,10:12:00,109.4,Sell,NATIONALUM,,105.0,,,,,,,,,,109.0,10:08:00,-3000.0,Stoploss Hit,,108.6,108.2,107.8,107.4,107.0,106.6,106.2,105.8,105.4,0.4,7500,Mon,Jan,17921.0,17938.4,Down,00:04:00
122.4,2022-02-14,09:54:00,122.4,Buy,NATIONALUM,0.45,126.9,122.85,123.3,123.75,124.2,124.65,125.1,125.55,126.0,126.45,122.4,10:01:00,0.0,Stoploss Hit,Breakeven,,,,,,,,,,,7500,Mon,Feb,15867.95,16245.35,Down,00:07:00
121.7,2022-02-16,10:18:00,121.7,Sell,NATIONALUM,,114.55,,,,,,,,,,121.05,09:53:00,-4875.0,Stoploss Hit,,120.4,119.75,119.1,118.45,117.8,117.15,116.5,115.85,115.2,0.65,7500,Wed,Feb,17408.45,17352.45,Up,00:25:00
117.55,2022-02-17,10:26:00,117.55,Sell,NATIONALUM,,114.05,,,,,,,,,,117.55,10:02:00,0.0,Stoploss Hit,Breakeven,117.2,116.85,116.5,116.15,115.8,115.45,115.1,114.75,114.4,0.35,7500,Thu,Feb,17396.55,17322.2,Up,00:24:00
116.6,2022-02-18,13:31:00,116.6,Sell,NATIONALUM,,114.4,,,,,,,,,,116.4,13:24:00,-1500.0,Stoploss Hit,,116.2,116.0,115.8,115.6,115.4,115.2,115.0,114.8,114.6,0.2,7500,Fri,Feb,18185.0,18257.8,Down,00:07:00
110.85,2022-02-22,10:14:00,110.85,Buy,NATIONALUM,0.75,118.35,111.6,112.35,113.1,113.85,114.6,115.35,116.1,116.85,117.6,110.85,12:53:00,0.0,Stoploss Hit,Breakeven,,,,,,,,,,,7500,Tue,Feb,18235.65,18255.75,Down,02:39:00
119.55,2022-02-28,10:15:00,120.2,Buy,NATIONALUM,0.65,126.05,120.2,120.85,121.5,122.15,122.8,123.45,124.1,124.75,125.4,121.9,15:00:00,17625.0,Market Exit,1to1 trail,,,,,,,,,,,7500,Mon,Feb,17076.15,17374.75,Down,04:45:00
123.5,2022-03-08,11:37:00,123.5,Sell,NATIONALUM,,104.8,,,,,,,,,,121.8,09:50:00,-12750.0,Stoploss Hit,,120.1,118.4,116.7,115.0,113.3,111.6,109.9,108.2,106.5,1.7,7500,Tue,Mar,17451.0,17605.85,Down,01:47:00
123.2,2022-03-09,13:37:00,121.5,Buy,NATIONALUM,1.7,140.2,124.9,126.6,128.3,130.0,131.7,133.4,135.1,136.8,138.5,122.5,15:00:00,-5250.0,Market Exit,,,,,,,,,,,,7500,Wed,Mar,17076.15,17374.75,Down,01:23:00
114.65,2022-03-15,10:02:00,114.65,Sell,NATIONALUM,,109.7,,,,,,,,,,114.2,09:57:00,-3375.0,Stoploss Hit,,113.75,113.3,112.85,112.4,111.95,111.5,111.05,110.6,110.15,0.45,7500,Tue,Mar,17408.45,17352.45,Up,00:05:00
122.0,2022-03-21,12:12:00,122.0,Buy,NATIONALUM,0.75,129.5,122.75,123.5,124.25,125.0,125.75,126.5,127.25,128.0,128.75,123.05,15:00:00,7875.0,Market Exit,Breakeven,,,,,,,,,,,7500,Mon,Mar,17723.3,17807.65,Down,02:48:00
123.2,2022-04-01,10:21:00,122.75,Buy,NATIONALUM,0.45,127.7,123.65,124.1,124.55,125.0,125.45,125.9,126.35,126.8,127.25,122.75,10:33:00,-3375.0,Stoploss Hit,,,,,,,,,,,,7500,Fri,Apr,17436.9,17464.75,Down,00:12:00
119.3,2022-04-13,10:27:00,119.3,Sell,NATIONALUM,,115.5,,,,,,,,,,120.5,11:46:00,9000.0,Stoploss Hit,Breakeven,120.0,119.5,119.0,118.5,118.0,117.5,117.0,116.5,116.0,0.5,7500,Wed,Apr,17183.45,17475.65,Down,1899-12-29 22:41:00
119.6,2022-04-18,11:29:00,119.6,Sell,NATIONALUM,,116.3,,,,,,,,,,119.3,11:06:00,-2250.0,Stoploss Hit,,119.0,118.7,118.4,118.1,117.8,117.5,117.2,116.9,116.6,0.3,7500,Mon,Apr,17094.95,17245.65,Down,00:23:00
116.25,2022-04-22,10:44:00,116.25,Sell,NATIONALUM,,113.75,,,,,,,,,,116.25,10:04:00,0.0,Stoploss Hit,Breakeven,116.0,115.75,115.5,115.25,115.0,114.75,114.5,114.25,114.0,0.25,7500,Fri,Apr,16078.0,16013.45,Up,00:40:00
88.95,2022-05-11,12:30:00,88.95,Sell,NATIONALUM,,86.2,,,,,,,,,,88.7,12:27:00,-1875.0,Stoploss Hit,,88.45,88.2,87.95,87.7,87.45,87.2,86.95,86.7,86.45,0.25,7500,Wed,May,15917.4,16240.3,Down,00:03:00
96.05,2022-05-24,10:34:00,96.05,Sell,NATIONALUM,,92.75,,,,,,,,,,95.75,10:16:00,-2250.0,Stoploss Hit,,95.45,95.15,94.85,94.55,94.25,93.95,93.65,93.35,93.05,0.3,7500,Tue,May,17740.9,17784.35,Down,00:18:00
94.2,2022-05-25,12:19:00,94.2,Sell,NATIONALUM,,91.2,,,,,,,,,,94.2,11:32:00,0.0,Stoploss Hit,Breakeven,93.9,93.6,93.3,93.0,92.7,92.4,92.1,91.8,91.5,0.3,7500,Wed,May,17096.6,17069.1,Up,00:47:00
92.7,2022-05-27,12:24:00,92.7,Sell,NATIONALUM,,89.2,,,,,,,,,,92.7,10:16:00,0.0,Stoploss Hit,Breakeven,92.35,92.0,91.65,91.3,90.95,90.6,90.25,89.9,89.55,0.35,7500,Fri,May,15912.6,15842.3,Up,02:08:00
94.15,2022-05-30,13:32:00,94.55,Buy,NATIONALUM,0.2,96.15,94.35,94.55,94.75,94.95,95.15,95.35,95.55,95.75,95.95,94.55,13:53:00,3000.0,Stoploss Hit,1to2 trail,,,,,,,,,,,7500,Mon,May,16227.7,16411.25,Down,00:21:00
96.1,2022-05-31,10:05:00,95.75,Buy,NATIONALUM,0.35,99.6,96.45,96.8,97.15,97.5,97.85,98.2,98.55,98.9,99.25,95.75,10:24:00,-2625.0,Stoploss Hit,,,,,,,,,,,,7500,Tue,May,16270.05,16240.05,Up,00:19:00
93.1,2022-06-03,10:12:00,93.1,Sell,NATIONALUM,,89.25,,,,,,,,,,92.75,09:51:00,-2625.0,Stoploss Hit,,92.4,92.05,91.7,91.35,91.0,90.65,90.3,89.95,89.6,0.35,7500,Fri,Jun,15832.25,15692.15,Up,00:21:00
92.1,2022-06-07,10:44:00,92.1,Sell,NATIONALUM,,84.4,,,,,,,,,,91.4,10:01:00,-5250.0,Stoploss Hit,,90.7,90.0,89.3,88.6,87.9,87.2,86.5,85.8,85.1,0.7,7500,Tue,Jun,16469.6,16569.55,Down,00:43:00
85.8,2022-06-14,11:14:00,85.6,Buy,NATIONALUM,0.2,87.8,86.0,86.2,86.4,86.6,86.8,87.0,87.2,87.4,87.6,85.6,11:14:00,-1500.0,Stoploss Hit,,,,,,,,,,,,7500,Tue,Jun,15272.65,15360.6,Down,00:00:00
69.45,2022-06-23,10:14:00,69.45,Buy,NATIONALUM,0.2,71.45,69.65,69.85,70.05,70.25,70.45,70.65,70.85,71.05,71.25,69.45,11:32:00,0.0,Stoploss Hit,Breakeven,,,,,,,,,,,7500,Thu,Jun,15674.25,15774.4,Down,01:18:00
67.9,2022-07-04,10:53:00,67.9,Sell,NATIONALUM,,63.5,,,,,,,,,,67.5,10:16:00,-3000.0,Stoploss Hit,,67.1,66.7,66.3,65.9,65.5,65.1,64.7,64.3,63.9,0.4,7500,Mon,Jul,16474.95,16416.35,Up,00:37:00
68.7,2022-07-06,11:13:00,68.45,Buy,NATIONALUM,0.25,71.2,68.95,69.2,69.45,69.7,69.95,70.2,70.45,70.7,70.95,68.45,11:14:00,-1875.0,Stoploss Hit,,,,,,,,,,,,7500,Wed,Jul,15729.25,15732.1,Down,00:01:00
72.8,2022-07-12,14:14:00,72.8,Buy,NATIONALUM,0.45,77.3,73.25,73.7,74.15,74.6,75.05,75.5,75.95,76.4,76.85,72.8,14:25:00,0.0,Stoploss Hit,Breakeven,,,,,,,,,,,7500,Tue,Jul,15710.5,15752.05,Down,00:11:00
72.95,2022-07-13,10:03:00,72.85,Buy,NATIONALUM,0.1,73.95,73.05,73.15,73.25,73.35,73.45,73.55,73.65,73.75,73.85,72.85,10:12:00,-750.0,Stoploss Hit,,,,,,,,,,,,7500,Wed,Jul,15774.5,15799.1,Down,00:09:00
74.85,2022-07-20,09:55:00,74.85,Buy,NATIONALUM,0.2,76.85,75.05,75.25,75.45,75.65,75.85,76.05,76.25,76.45,76.65,74.85,13:16:00,0.0,Stoploss Hit,Breakeven,,,,,,,,,,,7500,Wed,Jul,16136.15,16220.6,Down,03:21:00
75.8,2022-07-21,12:40:00,75.45,Buy,NATIONALUM,0.35,79.3,76.15,76.5,76.85,77.2,77.55,77.9,78.25,78.6,78.95,75.45,13:02:00,-2625.0,Stoploss Hit,,,,,,,,,,,,7500,Thu,Jul,15818.2,15810.85,Up,00:22:00
78.8,2022-08-01,10:38:00,78.55,Buy,NATIONALUM,0.25,81.3,79.05,79.3,79.55,79.8,80.05,80.3,80.55,80.8,81.05,78.55,10:41:00,-1875.0,Stoploss Hit,,,,,,,,,,,,7500,Mon,Aug,15701.7,15850.2,Down,00:03:00
78.45,2022-08-08,11:48:00,78.25,Buy,NATIONALUM,0.2,80.45,78.65,78.85,79.05,79.25,79.45,79.65,79.85,80.05,80.25,78.25,11:54:00,-1500.0,Stoploss Hit,,,,,,,,,,,,7500,Mon,Aug,16562.8,16340.55,Up,00:06:00
80.3,2022-08-17,10:48:00,80.3,Buy,NATIONALUM,0.15,81.8,80.45,80.6,80.75,80.9,81.05,81.2,81.35,81.5,81.65,80.3,10:53:00,0.0,Stoploss Hit,Breakeven,,,,,,,,,,,7500,Wed,Aug,16128.2,16058.3,Up,00:05:00
80.35,2022-08-18,09:46:00,80.35,Sell,NATIONALUM,,79.75,,,,,,,,,,81.75,11:17:00,10500.0,Stoploss Hit,1to7 Trail,81.55,81.35,81.15,80.95,80.75,80.55,80.35,80.15,79.95,0.2,7500,Thu,Aug,17898.65,17944.25,Down,1899-12-29 22:29:00
80.55,2022-08-30,13:23:00,80.55,Sell,NATIONALUM,,78.9,,,,,,,,,,80.4,12:44:00,-1125.0,Stoploss Hit,,80.25,80.1,79.95,79.8,79.65,79.5,79.35,79.2,79.05,0.15,7500,Tue,Aug,16632.9,16631.0,Up,00:39:00
78.35,2022-09-05,09:46:00,78.7,Buy,NATIONALUM,0.35,81.85,78.7,79.05,79.4,79.75,80.1,80.45,80.8,81.15,81.5,79.45,15:00:00,8250.0,Market Exit,1to1 trail,,,,,,,,,,,7500,Mon,Sep,17546.45,17539.45,Up,05:14:00
80.9,2022-09-12,10:11:00,80.9,Sell,NATIONALUM,,78.15,,,,,,,,,,80.65,09:49:00,-1875.0,Stoploss Hit,,80.4,80.15,79.9,79.65,79.4,79.15,78.9,78.65,78.4,0.25,7500,Mon,Sep,17423.65,17382.0,Up,00:22:00
78.2,2022-09-16,10:24:00,78.2,Sell,NATIONALUM,,76.7,,,,,,,,,,78.2,09:55:00,0.0,Stoploss Hit,Breakeven,78.05,77.9,77.75,77.6,77.45,77.3,77.15,77.0,76.85,0.15,7500,Fri,Sep,17796.8,17877.4,Down,00:29:00
75.7,2022-09-19,14:10:00,75.7,Sell,NATIONALUM,,75.2,,,,,,,,,,75.7,14:09:00,0.0,Stoploss Hit,Breakeven,75.65,75.6,75.55,75.5,75.45,75.4,75.35,75.3,75.25,0.05,7500,Mon,Sep,17485.7,17759.3,Down,00:01:00
74.9,2022-09-21,12:11:00,74.9,Sell,NATIONALUM,,74.2,,,,,,,,,,75.2,11:44:00,2250.0,Stoploss Hit,1to3 Trail,75.1,75.0,74.9,74.8,74.7,74.6,74.5,74.4,74.3,0.1,7500,Wed,Sep,17770.4,17622.25,Up,00:27:00
68.7,2022-09-30,10:04:00,68.7,Sell,NATIONALUM,,66.5,,,,,,,,,,68.5,10:02:00,-1500.0,Stoploss Hit,,68.3,68.1,67.9,67.7,67.5,67.3,67.1,66.9,66.7,0.2,7500,Fri,Sep,16798.05,16818.1,Down,00:02:00
71.8,2022-10-10,10:57:00,71.55,Buy,NATIONALUM,0.25,74.3,72.05,72.3,72.55,72.8,73.05,73.3,73.55,73.8,74.05,71.55,11:03:00,-1875.0,Stoploss Hit,,,,,,,,,,,,7500,Mon,Oct,16993.6,16858.6,Up,00:06:00
69.45,2022-10-28,13:05:00,69.45,Sell,NATIONALUM,,69.2,,,,,,,,,,69.7,12:47:00,1875.0,Stoploss Hit,1to5 Trail,69.65,69.6,69.55,69.5,69.45,69.4,69.35,69.3,69.25,0.05,7500,Fri,Oct,17322.3,17014.35,Up,00:18:00
71.2,2022-11-03,09:46:00,71.05,Buy,NATIONALUM,0.15,72.7,71.35,71.5,71.65,71.8,71.95,72.1,72.25,72.4,72.55,71.05,09:47:00,-1125.0,Stoploss Hit,,,,,,,,,,,,7500,Thu,Nov,17808.3,17730.75,Up,00:01:00
74.35,2022-11-07,10:06:00,74.1,Buy,NATIONALUM,0.25,76.85,74.6,74.85,75.1,75.35,75.6,75.85,76.1,76.35,76.6,74.1,10:39:00,-1875.0,Stoploss Hit,,,,,,,,,,,,7500,Mon,Nov,17910.2,17786.8,Up,00:33:00
74.65,2022-11-09,11:13:00,74.65,Sell,NATIONALUM,,72.15,,,,,,,,,,74.65,09:49:00,0.0,Stoploss Hit,Breakeven,74.4,74.15,73.9,73.65,73.4,73.15,72.9,72.65,72.4,0.25,7500,Wed,Nov,18288.25,18202.8,Up,01:24:00
72.5,2022-11-10,13:14:00,72.5,Sell,NATIONALUM,,70.3,,,,,,,,,,72.3,12:59:00,-1500.0,Stoploss Hit,,72.1,71.9,71.7,71.5,71.3,71.1,70.9,70.7,70.5,0.2,7500,Thu,Nov,17025.55,16983.55,Up,00:15:00
77.15,2022-11-14,13:31:00,77.55,Buy,NATIONALUM,0.2,79.15,77.35,77.55,77.75,77.95,78.15,78.35,78.55,78.75,78.95,78.05,15:00:00,6750.0,Market Exit,1to2 trail,,,,,,,,,,,7500,Mon,Nov,18211.75,18117.15,Up,01:29:00
75.15,2022-11-25,09:46:00,75.0,Buy,NATIONALUM,0.15,76.65,75.3,75.45,75.6,75.75,75.9,76.05,76.2,76.35,76.5,75.0,09:47:00,-1125.0,Stoploss Hit,,,,,,,,,,,,7500,Fri,Nov,18179.15,18159.95,Up,00:01:00
76.55,2022-12-12,09:51:00,77.15,Buy,NATIONALUM,0.15,78.05,76.7,76.85,77.0,77.15,77.3,77.45,77.6,77.75,77.9,77.45,15:00:00,6750.0,Market Exit,1to4 trail,,,,,,,,,,,7500,Mon,Dec,18211.75,18117.15,Up,05:09:00
78.5,2022-12-14,11:11:00,78.5,Buy,NATIONALUM,0.3,81.5,78.8,79.1,79.4,79.7,80.0,80.3,80.6,80.9,81.2,79.3,15:00:00,6000.0,Market Exit,Breakeven,,,,,,,,,,,7500,Wed,Dec,17808.3,17730.75,Up,03:49:00
77.75,2022-12-19,13:52:00,77.95,Buy,NATIONALUM,0.1,78.75,77.85,77.95,78.05,78.15,78.25,78.35,78.45,78.55,78.65,78.1,15:00:00,2625.0,Market Exit,1to2 trail,,,,,,,,,,,7500,Mon,Dec,18358.7,18409.65,Down,01:08:00
76.0,2022-12-27,09:51:00,77.8,Buy,NATIONALUM,0.3,79.0,76.3,76.6,76.9,77.2,77.5,77.8,78.1,78.4,78.7,78.5,15:00:00,18750.0,Market Exit,1to6 trail,,,,,,,,,,,7500,Tue,Dec,17750.3,17721.5,Up,05:09:00
76.3,2023-02-07,10:59:00,76.3,Sell,NATIONALUM,,75.2,,,,,,,,,,76.2,10:55:00,-750.0,Stoploss Hit,,76.1,76.0,75.9,75.8,75.7,75.6,75.5,75.4,75.3,0.1,7500,Tue,Feb,18118.45,18027.65,Up,00:04:00
